,test/loss,test/acc_macro,test/acc_micro,test/f1score
best_model-v1.ckpt,0.9194425940513611,0.64275062084198,0.7083333134651184,0.7180105447769165
best_model-v2.ckpt,0.7023724913597107,0.7357252240180969,0.7722222208976746,0.7756291031837463
best_model.ckpt,1.060891032218933,0.5884865522384644,0.6555555462837219,0.6555259227752686
